{
    "name": "root",
    "gauges": {
        "ColorChooser.Policy.Entropy.mean": {
            "value": 0.2261333018541336,
            "min": 0.2261333018541336,
            "max": 1.7699363231658936,
            "count": 3
        },
        "ColorChooser.Policy.Entropy.sum": {
            "value": 2261.3330078125,
            "min": 2261.3330078125,
            "max": 17699.36328125,
            "count": 3
        },
        "ColorChooser.Environment.EpisodeLength.mean": {
            "value": 0.0,
            "min": 0.0,
            "max": 0.0,
            "count": 3
        },
        "ColorChooser.Environment.EpisodeLength.sum": {
            "value": 0.0,
            "min": 0.0,
            "max": 0.0,
            "count": 3
        },
        "ColorChooser.Step.mean": {
            "value": 29999.0,
            "min": 9999.0,
            "max": 29999.0,
            "count": 3
        },
        "ColorChooser.Step.sum": {
            "value": 29999.0,
            "min": 9999.0,
            "max": 29999.0,
            "count": 3
        },
        "ColorChooser.Policy.ExtrinsicValueEstimate.mean": {
            "value": 0.8758736252784729,
            "min": -0.5380674004554749,
            "max": 0.8758736252784729,
            "count": 3
        },
        "ColorChooser.Policy.ExtrinsicValueEstimate.sum": {
            "value": 8758.736328125,
            "min": -5380.1357421875,
            "max": 8758.736328125,
            "count": 3
        },
        "ColorChooser.Environment.CumulativeReward.mean": {
            "value": 0.9112,
            "min": -0.6143614361436144,
            "max": 0.9112,
            "count": 3
        },
        "ColorChooser.Environment.CumulativeReward.sum": {
            "value": 9112.0,
            "min": -6143.0,
            "max": 9112.0,
            "count": 3
        },
        "ColorChooser.Policy.ExtrinsicReward.mean": {
            "value": 0.9112,
            "min": -0.6143614361436144,
            "max": 0.9112,
            "count": 3
        },
        "ColorChooser.Policy.ExtrinsicReward.sum": {
            "value": 9112.0,
            "min": -6143.0,
            "max": 9112.0,
            "count": 3
        },
        "ColorChooser.Losses.PolicyLoss.mean": {
            "value": 0.07067142945791906,
            "min": 0.07067142945791906,
            "max": 0.1245467858000969,
            "count": 3
        },
        "ColorChooser.Losses.PolicyLoss.sum": {
            "value": 0.3533571472895953,
            "min": 0.286887461853136,
            "max": 0.6227339290004845,
            "count": 3
        },
        "ColorChooser.Losses.ValueLoss.mean": {
            "value": 0.20838811688687806,
            "min": 0.20838811688687806,
            "max": 0.8304881267249584,
            "count": 3
        },
        "ColorChooser.Losses.ValueLoss.sum": {
            "value": 1.0419405844343903,
            "min": 1.0419405844343903,
            "max": 4.152440633624792,
            "count": 3
        },
        "ColorChooser.Policy.LearningRate.mean": {
            "value": 0.0002925696024768,
            "min": 0.0002925696024768,
            "max": 0.000298452000516,
            "count": 3
        },
        "ColorChooser.Policy.LearningRate.sum": {
            "value": 0.001462848012384,
            "min": 0.001193808002064,
            "max": 0.0014783280072239997,
            "count": 3
        },
        "ColorChooser.Policy.Epsilon.mean": {
            "value": 0.1975232,
            "min": 0.1975232,
            "max": 0.19948400000000002,
            "count": 3
        },
        "ColorChooser.Policy.Epsilon.sum": {
            "value": 0.987616,
            "min": 0.7979360000000001,
            "max": 0.9927760000000001,
            "count": 3
        },
        "ColorChooser.Policy.Beta.mean": {
            "value": 0.00487640768,
            "min": 0.00487640768,
            "max": 0.0049742516,
            "count": 3
        },
        "ColorChooser.Policy.Beta.sum": {
            "value": 0.0243820384,
            "min": 0.0198970064,
            "max": 0.024639522400000006,
            "count": 3
        },
        "ColorChooser.IsTraining.mean": {
            "value": 1.0,
            "min": 1.0,
            "max": 1.0,
            "count": 3
        },
        "ColorChooser.IsTraining.sum": {
            "value": 1.0,
            "min": 1.0,
            "max": 1.0,
            "count": 3
        }
    },
    "metadata": {
        "timer_format_version": "0.1.0",
        "start_time_seconds": "1760645784",
        "python_version": "3.10.12 | packaged by Anaconda, Inc. | (main, Jul  5 2023, 19:01:18) [MSC v.1916 64 bit (AMD64)]",
        "command_line_arguments": "C:\\Users\\Alex\\.conda\\envs\\mlagents\\Scripts\\mlagents-learn config/color_train.yaml --run-id=color-chooser2 --train",
        "mlagents_version": "1.1.0",
        "mlagents_envs_version": "1.1.0",
        "communication_protocol_version": "1.5.0",
        "pytorch_version": "2.2.2+cu121",
        "numpy_version": "1.23.5",
        "end_time_seconds": "1760646395"
    },
    "total": 611.7482131000143,
    "count": 1,
    "self": 0.005598100018687546,
    "children": {
        "run_training.setup": {
            "total": 0.07643499999539927,
            "count": 1,
            "self": 0.07643499999539927
        },
        "TrainerController.start_learning": {
            "total": 611.6661800000002,
            "count": 1,
            "self": 0.10277290194062516,
            "children": {
                "TrainerController._reset_env": {
                    "total": 6.853362400026526,
                    "count": 1,
                    "self": 6.853362400026526
                },
                "TrainerController.advance": {
                    "total": 604.6477074979921,
                    "count": 4919,
                    "self": 0.08221149345627055,
                    "children": {
                        "env_step": {
                            "total": 568.2156771027367,
                            "count": 4919,
                            "self": 565.6777632019366,
                            "children": {
                                "SubprocessEnvManager._take_step": {
                                    "total": 2.475168199976906,
                                    "count": 4919,
                                    "self": 0.14222129830159247,
                                    "children": {
                                        "TorchPolicy.evaluate": {
                                            "total": 2.3329469016753137,
                                            "count": 2460,
                                            "self": 2.3329469016753137
                                        }
                                    }
                                },
                                "workers": {
                                    "total": 0.06274570082314312,
                                    "count": 4918,
                                    "self": 0.0,
                                    "children": {
                                        "worker_root": {
                                            "total": 605.3358500001486,
                                            "count": 4918,
                                            "is_parallel": true,
                                            "self": 45.20047979959054,
                                            "children": {
                                                "steps_from_proto": {
                                                    "total": 0.0004836000152863562,
                                                    "count": 1,
                                                    "is_parallel": true,
                                                    "self": 0.00020459998631849885,